--
-- PostgreSQL database dump
--

-- Dumped from database version 12.9 (Ubuntu 12.9-2.pgdg20.04+1)
-- Dumped by pg_dump version 12.9 (Ubuntu 12.9-2.pgdg20.04+1)

SET statement_timeout = 0;
SET lock_timeout = 0;
SET idle_in_transaction_session_timeout = 0;
SET client_encoding = 'UTF8';
SET standard_conforming_strings = on;
SELECT pg_catalog.set_config('search_path', '', false);
SET check_function_bodies = false;
SET xmloption = content;
SET client_min_messages = warning;
SET row_security = off;

DROP DATABASE universe;
--
-- Name: universe; Type: DATABASE; Schema: -; Owner: freecodecamp
--

CREATE DATABASE universe WITH TEMPLATE = template0 ENCODING = 'UTF8' LC_COLLATE = 'C.UTF-8' LC_CTYPE = 'C.UTF-8';


ALTER DATABASE universe OWNER TO freecodecamp;

\connect universe

SET statement_timeout = 0;
SET lock_timeout = 0;
SET idle_in_transaction_session_timeout = 0;
SET client_encoding = 'UTF8';
SET standard_conforming_strings = on;
SELECT pg_catalog.set_config('search_path', '', false);
SET check_function_bodies = false;
SET xmloption = content;
SET client_min_messages = warning;
SET row_security = off;

SET default_tablespace = '';

SET default_table_access_method = heap;

--
-- Name: galaxy; Type: TABLE; Schema: public; Owner: freecodecamp
--

CREATE TABLE public.galaxy (
    galaxy_id integer NOT NULL,
    name character varying(50) NOT NULL,
    description text,
    age_in_millions_of_years integer,
    has_life boolean
);


ALTER TABLE public.galaxy OWNER TO freecodecamp;

--
-- Name: galaxy_galaxy_id_seq; Type: SEQUENCE; Schema: public; Owner: freecodecamp
--

CREATE SEQUENCE public.galaxy_galaxy_id_seq
    AS integer
    START WITH 1
    INCREMENT BY 1
    NO MINVALUE
    NO MAXVALUE
    CACHE 1;


ALTER TABLE public.galaxy_galaxy_id_seq OWNER TO freecodecamp;

--
-- Name: galaxy_galaxy_id_seq; Type: SEQUENCE OWNED BY; Schema: public; Owner: freecodecamp
--

ALTER SEQUENCE public.galaxy_galaxy_id_seq OWNED BY public.galaxy.galaxy_id;


--
-- Name: moon; Type: TABLE; Schema: public; Owner: freecodecamp
--

CREATE TABLE public.moon (
    moon_id integer NOT NULL,
    name character varying(50) NOT NULL,
    planet_id integer NOT NULL,
    is_natural boolean,
    diameter numeric(9,2)
);


ALTER TABLE public.moon OWNER TO freecodecamp;

--
-- Name: moon_moon_id_seq; Type: SEQUENCE; Schema: public; Owner: freecodecamp
--

CREATE SEQUENCE public.moon_moon_id_seq
    AS integer
    START WITH 1
    INCREMENT BY 1
    NO MINVALUE
    NO MAXVALUE
    CACHE 1;


ALTER TABLE public.moon_moon_id_seq OWNER TO freecodecamp;

--
-- Name: moon_moon_id_seq; Type: SEQUENCE OWNED BY; Schema: public; Owner: freecodecamp
--

ALTER SEQUENCE public.moon_moon_id_seq OWNED BY public.moon.moon_id;


--
-- Name: planet; Type: TABLE; Schema: public; Owner: freecodecamp
--

CREATE TABLE public.planet (
    planet_id integer NOT NULL,
    name character varying(50) NOT NULL,
    has_life boolean,
    distance_from_earth numeric(9,2),
    star_id integer NOT NULL,
    amoun_of_satelite integer DEFAULT 0 NOT NULL
);


ALTER TABLE public.planet OWNER TO freecodecamp;

--
-- Name: planet_planet_id_seq; Type: SEQUENCE; Schema: public; Owner: freecodecamp
--

CREATE SEQUENCE public.planet_planet_id_seq
    AS integer
    START WITH 1
    INCREMENT BY 1
    NO MINVALUE
    NO MAXVALUE
    CACHE 1;


ALTER TABLE public.planet_planet_id_seq OWNER TO freecodecamp;

--
-- Name: planet_planet_id_seq; Type: SEQUENCE OWNED BY; Schema: public; Owner: freecodecamp
--

ALTER SEQUENCE public.planet_planet_id_seq OWNED BY public.planet.planet_id;


--
-- Name: star; Type: TABLE; Schema: public; Owner: freecodecamp
--

CREATE TABLE public.star (
    star_id integer NOT NULL,
    name character varying(50) NOT NULL,
    galaxy_id integer NOT NULL,
    star_type_id integer DEFAULT 3 NOT NULL,
    description text
);


ALTER TABLE public.star OWNER TO freecodecamp;

--
-- Name: star_start_id_seq; Type: SEQUENCE; Schema: public; Owner: freecodecamp
--

CREATE SEQUENCE public.star_start_id_seq
    AS integer
    START WITH 1
    INCREMENT BY 1
    NO MINVALUE
    NO MAXVALUE
    CACHE 1;


ALTER TABLE public.star_start_id_seq OWNER TO freecodecamp;

--
-- Name: star_start_id_seq; Type: SEQUENCE OWNED BY; Schema: public; Owner: freecodecamp
--

ALTER SEQUENCE public.star_start_id_seq OWNED BY public.star.star_id;


--
-- Name: star_type; Type: TABLE; Schema: public; Owner: freecodecamp
--

CREATE TABLE public.star_type (
    star_type_id integer NOT NULL,
    name character varying(50) NOT NULL,
    intensity integer DEFAULT 1000
);


ALTER TABLE public.star_type OWNER TO freecodecamp;

--
-- Name: star_type_star_type_id_seq; Type: SEQUENCE; Schema: public; Owner: freecodecamp
--

CREATE SEQUENCE public.star_type_star_type_id_seq
    AS integer
    START WITH 1
    INCREMENT BY 1
    NO MINVALUE
    NO MAXVALUE
    CACHE 1;


ALTER TABLE public.star_type_star_type_id_seq OWNER TO freecodecamp;

--
-- Name: star_type_star_type_id_seq; Type: SEQUENCE OWNED BY; Schema: public; Owner: freecodecamp
--

ALTER SEQUENCE public.star_type_star_type_id_seq OWNED BY public.star_type.star_type_id;


--
-- Name: galaxy galaxy_id; Type: DEFAULT; Schema: public; Owner: freecodecamp
--

ALTER TABLE ONLY public.galaxy ALTER COLUMN galaxy_id SET DEFAULT nextval('public.galaxy_galaxy_id_seq'::regclass);


--
-- Name: moon moon_id; Type: DEFAULT; Schema: public; Owner: freecodecamp
--

ALTER TABLE ONLY public.moon ALTER COLUMN moon_id SET DEFAULT nextval('public.moon_moon_id_seq'::regclass);


--
-- Name: planet planet_id; Type: DEFAULT; Schema: public; Owner: freecodecamp
--

ALTER TABLE ONLY public.planet ALTER COLUMN planet_id SET DEFAULT nextval('public.planet_planet_id_seq'::regclass);


--
-- Name: star star_id; Type: DEFAULT; Schema: public; Owner: freecodecamp
--

ALTER TABLE ONLY public.star ALTER COLUMN star_id SET DEFAULT nextval('public.star_start_id_seq'::regclass);


--
-- Name: star_type star_type_id; Type: DEFAULT; Schema: public; Owner: freecodecamp
--

ALTER TABLE ONLY public.star_type ALTER COLUMN star_type_id SET DEFAULT nextval('public.star_type_star_type_id_seq'::regclass);


--
-- Data for Name: galaxy; Type: TABLE DATA; Schema: public; Owner: freecodecamp
--

INSERT INTO public.galaxy VALUES (1, 'andromeda', NULL, NULL, NULL);
INSERT INTO public.galaxy VALUES (2, 'omega', NULL, NULL, NULL);
INSERT INTO public.galaxy VALUES (3, 'alpha', NULL, NULL, NULL);
INSERT INTO public.galaxy VALUES (4, 'beta', NULL, NULL, NULL);
INSERT INTO public.galaxy VALUES (5, 'ganma', NULL, NULL, NULL);
INSERT INTO public.galaxy VALUES (6, 'delta', NULL, NULL, NULL);


--
-- Data for Name: moon; Type: TABLE DATA; Schema: public; Owner: freecodecamp
--

INSERT INTO public.moon VALUES (1, 'luna', 3, NULL, NULL);
INSERT INTO public.moon VALUES (2, 'd0', 10, NULL, NULL);
INSERT INTO public.moon VALUES (3, 'd1', 10, NULL, NULL);
INSERT INTO public.moon VALUES (4, 'd2', 10, NULL, NULL);
INSERT INTO public.moon VALUES (5, 'd3', 10, NULL, NULL);
INSERT INTO public.moon VALUES (6, 'd4', 10, NULL, NULL);
INSERT INTO public.moon VALUES (7, 'd5', 10, NULL, NULL);
INSERT INTO public.moon VALUES (8, 'd6', 10, NULL, NULL);
INSERT INTO public.moon VALUES (9, 'd7', 10, NULL, NULL);
INSERT INTO public.moon VALUES (10, 'd8', 10, NULL, NULL);
INSERT INTO public.moon VALUES (11, 'd9', 10, NULL, NULL);
INSERT INTO public.moon VALUES (12, 'ud0', 11, NULL, NULL);
INSERT INTO public.moon VALUES (13, 'ud1', 11, NULL, NULL);
INSERT INTO public.moon VALUES (14, 'ud2', 11, NULL, NULL);
INSERT INTO public.moon VALUES (15, 'ud3', 11, NULL, NULL);
INSERT INTO public.moon VALUES (16, 'ud4', 11, NULL, NULL);
INSERT INTO public.moon VALUES (17, 'ud5', 11, NULL, NULL);
INSERT INTO public.moon VALUES (18, 'ud6', 11, NULL, NULL);
INSERT INTO public.moon VALUES (19, 'ud7', 11, NULL, NULL);
INSERT INTO public.moon VALUES (20, 'ud8', 11, NULL, NULL);
INSERT INTO public.moon VALUES (21, 'ud9', 11, NULL, NULL);


--
-- Data for Name: planet; Type: TABLE DATA; Schema: public; Owner: freecodecamp
--

INSERT INTO public.planet VALUES (1, 'mercurio', false, NULL, 1, 0);
INSERT INTO public.planet VALUES (2, 'venus', false, NULL, 1, 0);
INSERT INTO public.planet VALUES (3, 'tierra', true, NULL, 1, 0);
INSERT INTO public.planet VALUES (4, 'marte', false, NULL, 1, 0);
INSERT INTO public.planet VALUES (5, 'jupiter', false, NULL, 1, 0);
INSERT INTO public.planet VALUES (6, 'saturno', false, NULL, 1, 0);
INSERT INTO public.planet VALUES (7, 'urano', false, NULL, 1, 0);
INSERT INTO public.planet VALUES (8, 'neptuno', false, NULL, 1, 0);
INSERT INTO public.planet VALUES (9, 'pluton', false, NULL, 1, 0);
INSERT INTO public.planet VALUES (10, 'decimo', false, NULL, 1, 0);
INSERT INTO public.planet VALUES (11, 'undecimo', false, NULL, 1, 0);
INSERT INTO public.planet VALUES (12, 'duodecimo', false, NULL, 1, 0);


--
-- Data for Name: star; Type: TABLE DATA; Schema: public; Owner: freecodecamp
--

INSERT INTO public.star VALUES (1, 'sun', 1, 3, NULL);
INSERT INTO public.star VALUES (2, 'qwerty', 2, 3, NULL);
INSERT INTO public.star VALUES (3, 'third', 2, 3, NULL);
INSERT INTO public.star VALUES (4, 'forth', 3, 3, NULL);
INSERT INTO public.star VALUES (5, 'fiveth', 3, 3, NULL);
INSERT INTO public.star VALUES (6, 'sixth', 4, 3, NULL);


--
-- Data for Name: star_type; Type: TABLE DATA; Schema: public; Owner: freecodecamp
--

INSERT INTO public.star_type VALUES (1, 'blue', 1000);
INSERT INTO public.star_type VALUES (2, 'red', 1000);
INSERT INTO public.star_type VALUES (3, 'yellow', 1000);


--
-- Name: galaxy_galaxy_id_seq; Type: SEQUENCE SET; Schema: public; Owner: freecodecamp
--

SELECT pg_catalog.setval('public.galaxy_galaxy_id_seq', 6, true);


--
-- Name: moon_moon_id_seq; Type: SEQUENCE SET; Schema: public; Owner: freecodecamp
--

SELECT pg_catalog.setval('public.moon_moon_id_seq', 21, true);


--
-- Name: planet_planet_id_seq; Type: SEQUENCE SET; Schema: public; Owner: freecodecamp
--

SELECT pg_catalog.setval('public.planet_planet_id_seq', 12, true);


--
-- Name: star_start_id_seq; Type: SEQUENCE SET; Schema: public; Owner: freecodecamp
--

SELECT pg_catalog.setval('public.star_start_id_seq', 6, true);


--
-- Name: star_type_star_type_id_seq; Type: SEQUENCE SET; Schema: public; Owner: freecodecamp
--

SELECT pg_catalog.setval('public.star_type_star_type_id_seq', 3, true);


--
-- Name: galaxy galaxy_name_key; Type: CONSTRAINT; Schema: public; Owner: freecodecamp
--

ALTER TABLE ONLY public.galaxy
    ADD CONSTRAINT galaxy_name_key UNIQUE (name);


--
-- Name: galaxy galaxy_pkey; Type: CONSTRAINT; Schema: public; Owner: freecodecamp
--

ALTER TABLE ONLY public.galaxy
    ADD CONSTRAINT galaxy_pkey PRIMARY KEY (galaxy_id);


--
-- Name: moon moon_name_key; Type: CONSTRAINT; Schema: public; Owner: freecodecamp
--

ALTER TABLE ONLY public.moon
    ADD CONSTRAINT moon_name_key UNIQUE (name);


--
-- Name: moon moon_pkey; Type: CONSTRAINT; Schema: public; Owner: freecodecamp
--

ALTER TABLE ONLY public.moon
    ADD CONSTRAINT moon_pkey PRIMARY KEY (moon_id);


--
-- Name: planet planet_name_key; Type: CONSTRAINT; Schema: public; Owner: freecodecamp
--

ALTER TABLE ONLY public.planet
    ADD CONSTRAINT planet_name_key UNIQUE (name);


--
-- Name: planet planet_pkey; Type: CONSTRAINT; Schema: public; Owner: freecodecamp
--

ALTER TABLE ONLY public.planet
    ADD CONSTRAINT planet_pkey PRIMARY KEY (planet_id);


--
-- Name: star star_name_key; Type: CONSTRAINT; Schema: public; Owner: freecodecamp
--

ALTER TABLE ONLY public.star
    ADD CONSTRAINT star_name_key UNIQUE (name);


--
-- Name: star star_pkey; Type: CONSTRAINT; Schema: public; Owner: freecodecamp
--

ALTER TABLE ONLY public.star
    ADD CONSTRAINT star_pkey PRIMARY KEY (star_id);


--
-- Name: star_type star_type_name_key; Type: CONSTRAINT; Schema: public; Owner: freecodecamp
--

ALTER TABLE ONLY public.star_type
    ADD CONSTRAINT star_type_name_key UNIQUE (name);


--
-- Name: star_type star_type_pkey; Type: CONSTRAINT; Schema: public; Owner: freecodecamp
--

ALTER TABLE ONLY public.star_type
    ADD CONSTRAINT star_type_pkey PRIMARY KEY (star_type_id);


--
-- Name: moon moon_planet_id_fkey; Type: FK CONSTRAINT; Schema: public; Owner: freecodecamp
--

ALTER TABLE ONLY public.moon
    ADD CONSTRAINT moon_planet_id_fkey FOREIGN KEY (planet_id) REFERENCES public.planet(planet_id);


--
-- Name: planet planet_star_id_fkey; Type: FK CONSTRAINT; Schema: public; Owner: freecodecamp
--

ALTER TABLE ONLY public.planet
    ADD CONSTRAINT planet_star_id_fkey FOREIGN KEY (star_id) REFERENCES public.star(star_id);


--
-- Name: star star_galaxy_id_fkey; Type: FK CONSTRAINT; Schema: public; Owner: freecodecamp
--

ALTER TABLE ONLY public.star
    ADD CONSTRAINT star_galaxy_id_fkey FOREIGN KEY (galaxy_id) REFERENCES public.galaxy(galaxy_id);


--
-- Name: star star_star_type_id_fkey; Type: FK CONSTRAINT; Schema: public; Owner: freecodecamp
--

ALTER TABLE ONLY public.star
    ADD CONSTRAINT star_star_type_id_fkey FOREIGN KEY (star_type_id) REFERENCES public.star_type(star_type_id);


--
-- PostgreSQL database dump complete
--

